{
  "project_info": {
    "project_number": "102832143951",
    "firebase_url": "https://test-d4ef8.firebaseio.com",
    "project_id": "test-d4ef8",
    "storage_bucket": "test-d4ef8.appspot.com"
  },
  "client": [
    {
      "client_info": {
        "mobilesdk_app_id": "1:102832143951:android:06444f1418e409b04eb43a",
        "android_client_info": {
          "package_name": "com.sjsu.se195.uniride"
        }
      },
      "oauth_client": [
        {
          "client_id": "102832143951-n62avlprl8v3edfumv28d8ll9i711eek.apps.googleusercontent.com",
          "client_type": 3
        }
      ],
      "api_key": [
        {
          "current_key": "AIzaSyAu2Jj210A314wy7YrlkXLsIEGHgcRmpWc"
        }
      ],
      "services": {
        "appinvite_service": {
          "other_platform_oauth_client": [
            {
              "client_id": "102832143951-n62avlprl8v3edfumv28d8ll9i711eek.apps.googleusercontent.com",
              "client_type": 3
            }
          ]
        }
      }
    }
  ],
  "configuration_version": "1"
}